Nombre,Precio,Stock,Info,Codigo
carne,210.000000,10,9,1
vegetales,210.000000,69,99,2
compu,20000.000000,2,22,3
pollo,100.000000,30,10,4



